code,area,year,1_year_survival_rate,2_year_survival_rate,3_year_survival_rate,4_year_survival_rate,5_year_survival_rate,birth_rate,death_rate
E09000001,City of London,2002,89.5,79.9,66.4,57.6,52.4,0.0,0.0
E09000002,Barking and Dagenham,2002,94.3,77.0,57.5,47.1,40.2,0.0,0.0
E09000003,Barnet,2002,93.8,77.5,55.4,44.2,36.7,0.0,0.0
E09000004,Bexley,2002,92.8,77.8,61.4,50.3,42.5,0.0,0.0
E09000005,Brent,2002,93.6,69.4,49.5,38.2,32.1,0.0,0.0
E09000006,Bromley,2002,93.4,80.1,64.5,52.0,44.1,0.0,0.0
E09000007,Camden,2002,93.0,76.2,57.6,46.9,40.5,0.0,0.0
E09000008,Croydon,2002,93.2,77.4,57.7,47.0,40.1,0.0,0.0
E09000009,Ealing,2002,93.8,74.6,57.5,46.8,40.8,0.0,0.0
E09000010,Enfield,2002,92.3,77.4,58.5,47.9,39.7,0.0,0.0
E09000011,Greenwich,2002,93.5,76.6,58.4,45.5,37.0,0.0,0.0
E09000012,Hackney,2002,92.9,77.4,57.9,45.9,39.8,0.0,0.0
E09000013,Hammersmith and Fulham,2002,93.1,63.7,44.9,34.6,28.6,0.0,0.0
E09000014,Haringey,2002,93.2,73.3,53.4,41.5,35.6,0.0,0.0
E09000015,Harrow,2002,93.0,80.6,61.2,50.0,43.0,0.0,0.0
E09000016,Havering,2002,93.0,79.7,62.2,50.6,43.0,0.0,0.0
E09000017,Hillingdon,2002,91.1,78.0,58.4,49.1,40.2,0.0,0.0
E09000018,Hounslow,2002,93.3,75.8,56.5,46.6,39.5,0.0,0.0
E09000019,Islington,2002,92.6,76.0,57.5,46.5,40.0,0.0,0.0
E09000020,Kensington and Chelsea,2002,92.5,77.9,61.6,51.2,43.8,0.0,0.0
E09000021,Kingston upon Thames,2002,93.0,80.9,61.8,49.7,43.3,0.0,0.0
E09000022,Lambeth,2002,94.0,72.8,54.8,44.9,37.8,0.0,0.0
E09000023,Lewisham,2002,92.3,73.1,54.9,42.9,35.7,0.0,0.0
E09000024,Merton,2002,93.0,71.9,52.6,39.0,33.3,0.0,0.0
E09000025,Newham,2002,93.3,73.2,52.4,39.6,32.3,0.0,0.0
E09000026,Redbridge,2002,91.5,77.4,54.7,44.8,37.7,0.0,0.0
E09000027,Richmond upon Thames,2002,93.2,79.9,65.9,53.8,44.7,0.0,0.0
E09000028,Southwark,2002,92.6,75.9,58.2,46.5,40.1,0.0,0.0
E09000029,Sutton,2002,93.6,81.4,64.3,50.7,41.4,0.0,0.0
E09000030,Tower Hamlets,2002,92.7,74.7,54.9,43.8,36.1,0.0,0.0
E09000031,Waltham Forest,2002,93.9,73.5,51.0,38.8,32.1,0.0,0.0
E09000032,Wandsworth,2002,93.6,67.4,49.8,38.7,32.4,0.0,0.0
E09000033,Westminster,2002,91.2,76.5,58.6,46.4,39.6,0.0,0.0
E13000001,Inner London,2002,92.5,74.2,56.0,44.8,38.2,0.0,0.0
E13000002,Outer London,2002,93.1,76.9,57.9,46.5,39.3,0.0,0.0
E12000001,North East,2002,93.6,78.3,62.0,51.5,44.4,0.0,0.0
E12000002,North West,2002,92.7,79.3,62.6,51.7,44.8,0.0,0.0
E12000003,Yorkshire And The Humber,2002,93.5,79.5,64.0,53.2,45.8,0.0,0.0
E12000004,East Midlands,2002,93.3,80.6,64.2,53.3,46.4,0.0,0.0
E12000005,West Midlands,2002,92.1,79.2,63.2,52.9,45.9,0.0,0.0
E12000006,East,2002,93.3,80.4,64.7,54.5,47.3,0.0,0.0
E12000007,London,2002,92.8,75.4,56.9,45.6,38.7,0.0,0.0
E12000008,South East,2002,93.1,81.7,66.1,53.6,46.6,0.0,0.0
E12000009,South West,2002,92.3,80.1,65.0,54.6,47.6,0.0,0.0
E92000001,England,2002,92.9,79.2,62.7,51.7,44.6,0.0,0.0
W92000004,Wales,2002,91.4,77.7,62.3,51.6,44.8,0.0,0.0
S92000003,Scotland,2002,93.8,80.3,63.6,52.6,45.6,0.0,0.0
N92000002,Northern Ireland,2002,94.2,83.2,69.2,61.6,55.5,0.0,0.0
K04000001,England And Wales,2002,92.8,79.1,62.7,51.7,44.6,0.0,0.0
K03000001,Great Britain,2002,92.9,79.2,62.8,51.7,44.7,0.0,0.0
K02000001,United Kingdom,2002,92.9,79.3,62.9,51.9,44.9,0.0,0.0
E09000001,City of London,2003,92.3,77.9,68.5,59.9,52.7,0.0,0.0
E09000002,Barking and Dagenham,2003,90.2,73.9,55.4,44.6,39.1,0.0,0.0
E09000003,Barnet,2003,91.6,71.9,53.8,44.5,38.2,0.0,0.0
E09000004,Bexley,2003,92.3,76.9,59.6,50.0,43.6,0.0,0.0
E09000005,Brent,2003,91.1,68.9,52.4,42.0,34.0,0.0,0.0
E09000006,Bromley,2003,92.1,78.0,63.8,52.8,46.1,0.0,0.0
E09000007,Camden,2003,91.4,74.2,58.6,49.1,41.9,0.0,0.0
E09000008,Croydon,2003,91.8,76.2,59.1,49.1,41.3,0.0,0.0
E09000009,Ealing,2003,90.8,71.2,54.0,43.1,35.1,0.0,0.0
E09000010,Enfield,2003,93.5,76.0,60.2,50.0,41.9,0.0,0.0
E09000011,Greenwich,2003,93.4,75.5,57.6,47.7,39.7,0.0,0.0
E09000012,Hackney,2003,93.4,76.5,59.6,50.0,43.0,0.0,0.0
E09000013,Hammersmith and Fulham,2003,90.1,69.3,51.7,41.2,32.7,0.0,0.0
E09000014,Haringey,2003,91.2,70.5,54.2,44.2,35.9,0.0,0.0
E09000015,Harrow,2003,93.8,76.1,61.7,50.6,42.8,0.0,0.0
E09000016,Havering,2003,92.4,78.4,63.2,53.2,46.2,0.0,0.0
E09000017,Hillingdon,2003,91.7,76.4,59.8,50.2,41.9,0.0,0.0
E09000018,Hounslow,2003,91.0,75.9,60.8,49.8,40.8,0.0,0.0
E09000019,Islington,2003,91.2,74.8,59.6,48.0,41.0,0.0,0.0
E09000020,Kensington and Chelsea,2003,91.7,73.6,58.7,49.8,42.6,0.0,0.0
E09000021,Kingston upon Thames,2003,95.5,80.6,65.2,56.1,48.4,0.0,0.0
E09000022,Lambeth,2003,90.2,69.7,52.5,42.8,35.4,0.0,0.0
E09000023,Lewisham,2003,91.8,74.7,57.7,46.2,37.9,0.0,0.0
E09000024,Merton,2003,90.8,70.3,54.0,44.4,37.2,0.0,0.0
E09000025,Newham,2003,92.5,70.7,52.3,43.1,36.8,0.0,0.0
E09000026,Redbridge,2003,92.4,73.1,54.3,44.4,36.3,0.0,0.0
E09000027,Richmond upon Thames,2003,93.0,79.1,63.7,54.2,47.3,0.0,0.0
E09000028,Southwark,2003,90.9,74.8,58.8,47.6,40.9,0.0,0.0
E09000029,Sutton,2003,93.3,78.4,64.2,53.7,47.8,0.0,0.0
E09000030,Tower Hamlets,2003,91.7,72.7,56.3,47.0,39.7,0.0,0.0
E09000031,Waltham Forest,2003,93.7,75.4,56.5,46.9,40.6,0.0,0.0
E09000032,Wandsworth,2003,88.5,68.1,49.1,38.6,32.2,0.0,0.0
E09000033,Westminster,2003,90.6,73.2,50.5,42.0,35.8,0.0,0.0
E13000001,Inner London,2003,91.0,72.8,55.0,45.3,38.3,0.0,0.0
E13000002,Outer London,2003,92.2,74.8,58.2,48.1,40.7,0.0,0.0
E12000001,North East,2003,92.3,77.3,62.5,53.2,45.4,0.0,0.0
E12000002,North West,2003,92.4,78.0,64.2,55.1,47.2,0.0,0.0
E12000003,Yorkshire And The Humber,2003,93.1,78.9,64.8,55.1,46.9,0.0,0.0
E12000004,East Midlands,2003,93.1,78.8,64.6,55.3,47.9,0.0,0.0
E12000005,West Midlands,2003,92.5,78.6,64.8,55.7,47.5,0.0,0.0
E12000006,East,2003,92.9,79.2,65.8,56.9,49.1,0.0,0.0
E12000007,London,2003,91.5,73.7,56.5,46.6,39.4,0.0,0.0
E12000008,South East,2003,93.3,80.1,66.3,56.7,49.1,0.0,0.0
E12000009,South West,2003,92.6,79.6,66.4,57.4,49.3,0.0,0.0
E92000001,England,2003,92.6,77.9,63.5,54.1,46.4,0.0,0.0
W92000004,Wales,2003,91.9,77.9,64.4,55.2,46.9,0.0,0.0
S92000003,Scotland,2003,93.2,78.3,63.4,54.0,47.5,0.0,0.0
N92000002,Northern Ireland,2003,95.0,81.9,70.6,62.2,56.2,0.0,0.0
K04000001,England And Wales,2003,92.5,77.9,63.5,54.1,46.4,0.0,0.0
K03000001,Great Britain,2003,92.6,78.0,63.5,54.1,46.5,0.0,0.0
K02000001,United Kingdom,2003,92.6,78.0,63.6,54.3,46.6,0.0,0.0
E09000001,City of London,2004,91.5,78.3,67.7,59.1,52.8,9.8,9.7
E09000002,Barking and Dagenham,2004,95.8,77.1,60.4,49.0,38.5,15.4,13.1
E09000003,Barnet,2004,93.8,71.7,56.9,47.0,39.4,12.4,15.3
E09000004,Bexley,2004,94.1,78.2,60.1,50.5,44.1,14.6,12.4
E09000005,Brent,2004,92.8,71.7,55.3,45.0,38.6,15.9,15.4
E09000006,Bromley,2004,95.0,79.6,63.8,53.8,46.9,13.6,11.8
E09000007,Camden,2004,94.7,77.6,63.7,53.9,47.5,12.4,12.1
E09000008,Croydon,2004,93.6,76.1,61.3,50.3,42.9,14.5,14.1
E09000009,Ealing,2004,94.1,73.8,57.2,46.3,38.8,16.5,13.9
E09000010,Enfield,2004,94.6,77.1,61.1,50.0,42.9,15.0,12.9
E09000011,Greenwich,2004,94.9,76.9,60.5,48.2,40.0,17.4,13.3
E09000012,Hackney,2004,94.1,76.1,60.6,51.2,44.3,15.6,13.8
E09000013,Hammersmith and Fulham,2004,93.3,70.5,52.8,42.4,35.4,17.4,14.3
E09000014,Haringey,2004,93.7,73.2,58.0,49.1,40.9,15.9,15.1
E09000015,Harrow,2004,94.9,76.3,61.7,51.5,43.4,13.7,13.8
E09000016,Havering,2004,94.8,79.6,62.6,52.6,43.6,13.9,12.2
E09000017,Hillingdon,2004,94.7,78.2,63.4,53.5,45.7,13.2,12.3
E09000018,Hounslow,2004,93.5,76.0,59.5,48.9,40.5,15.2,13.1
E09000019,Islington,2004,93.9,75.1,59.9,49.2,41.7,14.8,13.3
E09000020,Kensington and Chelsea,2004,94.0,75.6,62.0,51.8,45.2,14.2,12.4
E09000021,Kingston upon Thames,2004,94.9,77.3,63.1,51.7,43.2,13.2,13.2
E09000022,Lambeth,2004,94.3,74.9,58.4,47.0,39.2,19.4,14.2
E09000023,Lewisham,2004,94.3,77.5,58.1,48.0,41.0,18.2,13.6
E09000024,Merton,2004,94.2,74.7,56.8,45.6,39.0,15.5,14.6
E09000025,Newham,2004,93.8,71.0,54.4,43.5,37.3,18.7,15.9
E09000026,Redbridge,2004,94.0,73.7,57.9,47.0,39.1,16.4,15.3
E09000027,Richmond upon Thames,2004,95.6,80.7,68.8,58.3,49.5,13.6,11.2
E09000028,Southwark,2004,93.6,75.8,59.6,48.8,40.1,18.1,12.7
E09000029,Sutton,2004,94.2,78.9,64.3,53.2,44.4,13.2,12.0
E09000030,Tower Hamlets,2004,94.9,76.8,60.6,50.1,41.5,19.3,14.6
E09000031,Waltham Forest,2004,92.9,73.5,56.2,46.0,37.2,16.6,15.7
E09000032,Wandsworth,2004,93.3,72.1,55.3,43.9,36.5,19.8,14.0
E09000033,Westminster,2004,93.2,75.4,61.5,51.0,43.2,13.5,13.0
E13000001,Inner London,2004,93.7,75.1,59.8,49.4,42.0,15.3,13.2
E13000002,Outer London,2004,94.2,75.9,60.2,49.6,41.9,14.5,13.6
E12000001,North East,2004,93.5,76.9,64.4,53.4,45.6,13.4,11.3
E12000002,North West,2004,94.1,79.1,66.2,55.3,46.8,13.5,11.6
E12000003,Yorkshire And The Humber,2004,94.3,78.4,64.9,54.0,45.8,13.0,10.8
E12000004,East Midlands,2004,94.5,79.8,66.8,56.5,48.6,12.8,11.0
E12000005,West Midlands,2004,94.1,78.9,65.8,54.9,47.0,12.8,11.1
E12000006,East,2004,94.3,79.7,67.0,56.1,48.4,12.5,10.7
E12000007,London,2004,94.0,75.5,60.0,49.5,41.9,14.9,13.4
E12000008,South East,2004,94.5,80.2,66.9,56.4,48.7,12.5,11.1
E12000009,South West,2004,94.6,81.4,68.9,58.2,50.2,12.2,10.5
E92000001,England,2004,94.2,78.7,65.2,54.5,46.6,13.2,11.5
W92000004,Wales,2004,94.1,79.4,67.1,56.0,47.4,13.4,10.4
S92000003,Scotland,2004,94.2,77.8,64.3,55.1,47.5,10.6,10.9
N92000002,Northern Ireland,2004,93.4,79.3,67.4,58.8,52.9,11.1,7.5
K04000001,England And Wales,2004,94.2,78.7,65.3,54.6,46.7,13.2,11.4
K03000001,Great Britain,2004,94.2,78.7,65.2,54.6,46.7,13.0,11.4
K02000001,United Kingdom,2004,94.2,78.7,65.3,54.7,46.8,13.0,11.3
E09000001,City of London,2005,93.9,81.2,65.1,49.0,43.3,10.9,8.4
E09000002,Barking and Dagenham,2005,95.0,77.0,57.0,45.0,33.9,15.7,12.4
E09000003,Barnet,2005,95.3,77.7,60.8,51.1,42.4,12.7,14.0
E09000004,Bexley,2005,95.0,78.3,64.4,54.4,45.4,13.7,11.5
E09000005,Brent,2005,93.7,75.6,60.1,50.6,40.0,15.5,13.3
E09000006,Bromley,2005,95.0,79.3,64.3,53.0,42.4,12.8,11.1
E09000007,Camden,2005,94.2,77.4,63.2,52.3,43.1,11.3,10.5
E09000008,Croydon,2005,94.4,77.4,60.0,49.8,42.1,13.7,12.0
E09000009,Ealing,2005,96.0,77.2,59.4,47.5,37.3,14.6,12.7
E09000010,Enfield,2005,96.0,80.1,63.8,54.3,39.0,14.6,12.0
E09000011,Greenwich,2005,95.5,79.5,62.5,50.5,40.6,17.1,12.3
E09000012,Hackney,2005,94.5,79.4,62.9,51.1,42.5,14.6,11.9
E09000013,Hammersmith and Fulham,2005,93.7,73.6,56.2,44.4,34.7,16.1,13.7
E09000014,Haringey,2005,94.6,73.2,57.2,47.1,38.1,15.3,13.3
E09000015,Harrow,2005,95.1,80.0,63.4,52.1,41.3,13.4,12.0
E09000016,Havering,2005,95.5,81.0,65.4,55.3,43.9,11.9,10.8
E09000017,Hillingdon,2005,93.7,78.3,63.8,52.5,41.9,12.1,11.6
E09000018,Hounslow,2005,95.1,79.6,60.0,49.8,40.9,15.1,11.1
E09000019,Islington,2005,95.0,79.4,64.6,53.2,39.5,14.7,11.5
E09000020,Kensington and Chelsea,2005,93.6,79.2,64.4,52.7,42.8,12.8,11.3
E09000021,Kingston upon Thames,2005,96.0,82.7,64.7,53.8,41.9,13.0,11.5
E09000022,Lambeth,2005,94.6,76.3,60.1,49.4,39.0,16.3,12.7
E09000023,Lewisham,2005,93.9,76.2,58.9,47.2,37.8,16.6,12.1
E09000024,Merton,2005,95.0,75.8,58.3,46.7,36.7,15.4,13.1
E09000025,Newham,2005,97.2,88.2,51.3,21.5,16.6,37.4,15.1
E09000026,Redbridge,2005,93.5,75.5,58.0,48.6,37.7,15.2,13.7
E09000027,Richmond upon Thames,2005,95.2,82.9,67.7,56.9,45.9,12.3,10.7
E09000028,Southwark,2005,95.2,80.4,63.4,52.6,41.8,15.9,12.0
E09000029,Sutton,2005,94.3,81.8,67.3,57.9,46.9,12.3,11.3
E09000030,Tower Hamlets,2005,94.4,78.3,61.6,49.6,35.8,17.4,13.0
E09000031,Waltham Forest,2005,93.2,74.3,57.2,45.9,35.6,16.2,14.7
E09000032,Wandsworth,2005,93.9,75.1,57.2,46.4,37.3,16.4,13.7
E09000033,Westminster,2005,94.2,77.2,62.2,51.8,43.1,12.4,12.7
E13000001,Inner London,2005,94.5,78.2,60.7,48.1,38.7,14.6,12.1
E13000002,Outer London,2005,94.9,78.4,61.8,51.2,40.8,13.9,12.3
E12000001,North East,2005,93.6,79.2,63.4,51.9,43.2,13.2,10.6
E12000002,North West,2005,94.6,80.3,64.8,53.7,43.2,13.4,10.4
E12000003,Yorkshire And The Humber,2005,93.1,77.9,62.5,51.8,43.0,12.5,10.7
E12000004,East Midlands,2005,94.1,79.9,65.4,54.9,45.2,12.8,10.4
E12000005,West Midlands,2005,94.4,80.2,64.6,54.0,44.2,12.6,10.5
E12000006,East,2005,94.1,80.5,66.0,55.4,46.1,11.8,10.0
E12000007,London,2005,94.7,78.3,61.2,49.6,39.7,14.3,12.2
E12000008,South East,2005,94.7,81.7,67.4,56.4,46.8,12.0,10.2
E12000009,South West,2005,94.5,80.9,66.8,57.1,48.1,11.3,9.6
E92000001,England,2005,94.3,79.9,64.6,53.7,44.1,12.7,10.6
W92000004,Wales,2005,94.1,79.7,64.4,53.6,44.4,12.4,9.9
S92000003,Scotland,2005,93.4,77.4,64.0,53.9,45.6,12.4,10.0
N92000002,Northern Ireland,2005,94.5,81.9,71.1,62.5,54.0,10.5,6.7
K04000001,England And Wales,2005,94.3,79.9,64.6,53.7,44.1,12.7,10.6
K03000001,Great Britain,2005,94.3,79.8,64.6,53.7,44.2,12.6,10.5
K02000001,United Kingdom,2005,94.3,79.8,64.7,53.9,44.4,12.6,10.5
E09000001,City of London,2006,95.5,82.0,70.2,57.1,50.2,10.0,7.7
E09000002,Barking and Dagenham,2006,95.9,80.4,62.9,47.5,39.2,14.8,10.5
E09000003,Barnet,2006,95.3,76.7,62.3,50.6,42.1,11.6,12.5
E09000004,Bexley,2006,97.2,83.2,69.3,54.9,45.8,13.3,10.9
E09000005,Brent,2006,95.5,77.0,59.7,46.1,38.0,13.8,11.7
E09000006,Bromley,2006,95.4,81.8,68.0,53.7,44.9,12.7,10.1
E09000007,Camden,2006,96.0,78.5,63.2,50.1,42.7,10.9,9.4
E09000008,Croydon,2006,94.3,75.0,60.4,47.3,38.6,13.9,11.1
E09000009,Ealing,2006,96.3,78.9,62.5,48.1,40.8,13.6,11.1
E09000010,Enfield,2006,95.3,78.3,64.6,47.8,39.7,14.3,11.7
E09000011,Greenwich,2006,94.1,78.7,61.7,47.6,39.9,15.5,11.4
E09000012,Hackney,2006,95.5,78.6,64.7,50.5,43.2,13.9,9.9
E09000013,Hammersmith and Fulham,2006,95.2,75.9,60.9,46.8,37.1,13.5,12.5
E09000014,Haringey,2006,95.6,77.0,61.1,48.4,41.6,13.4,11.9
E09000015,Harrow,2006,97.1,80.4,65.4,51.6,45.0,12.1,10.8
E09000016,Havering,2006,96.0,81.4,68.9,53.8,44.1,11.6,10.9
E09000017,Hillingdon,2006,96.6,79.8,63.9,50.4,42.1,12.6,10.0
E09000018,Hounslow,2006,95.3,80.4,64.7,51.4,40.9,13.0,10.5
E09000019,Islington,2006,96.3,78.7,65.9,53.2,44.8,13.0,10.1
E09000020,Kensington and Chelsea,2006,97.2,81.3,67.1,54.9,45.3,12.2,8.9
E09000021,Kingston upon Thames,2006,97.6,81.8,65.3,54.1,45.9,12.6,9.7
E09000022,Lambeth,2006,96.4,77.6,62.2,47.1,39.1,15.2,11.2
E09000023,Lewisham,2006,96.2,78.9,64.3,49.8,41.3,15.8,12.4
E09000024,Merton,2006,94.8,76.6,61.3,46.8,39.5,15.6,12.5
E09000025,Newham,2006,96.7,75.6,57.2,43.5,35.0,16.9,11.7
E09000026,Redbridge,2006,95.4,74.4,57.6,42.8,34.4,15.8,12.2
E09000027,Richmond upon Thames,2006,96.9,81.3,65.6,52.7,45.3,11.6,9.0
E09000028,Southwark,2006,96.3,79.4,62.8,48.1,40.6,15.4,10.8
E09000029,Sutton,2006,96.9,82.1,67.9,55.6,48.8,12.4,10.1
E09000030,Tower Hamlets,2006,96.5,78.9,63.1,49.3,41.0,15.7,11.7
E09000031,Waltham Forest,2006,96.1,77.5,61.5,41.8,33.3,16.5,12.9
E09000032,Wandsworth,2006,96.0,78.7,62.9,48.4,40.4,14.6,12.0
E09000033,Westminster,2006,95.9,79.2,65.3,51.9,44.7,11.7,9.7
E13000001,Inner London,2006,96.1,78.7,63.9,50.3,42.4,13.0,10.3
E13000002,Outer London,2006,95.8,78.9,63.5,49.4,41.2,13.3,11.1
E12000001,North East,2006,96.7,80.1,64.5,52.1,43.6,12.1,9.3
E12000002,North West,2006,96.6,80.1,65.2,51.4,43.0,12.3,9.4
E12000003,Yorkshire And The Humber,2006,96.4,79.6,64.1,51.2,42.9,11.5,9.6
E12000004,East Midlands,2006,96.7,81.2,67.0,53.3,45.0,11.7,9.1
E12000005,West Midlands,2006,96.6,80.8,66.6,53.1,44.7,11.4,9.3
E12000006,East,2006,96.1,81.1,66.5,54.1,45.9,11.1,9.1
E12000007,London,2006,95.9,78.8,63.7,49.9,41.8,13.2,10.7
E12000008,South East,2006,97.0,82.7,68.8,56.3,47.8,11.0,9.1
E12000009,South West,2006,96.8,82.3,69.0,56.6,48.9,10.7,8.9
E92000001,England,2006,96.5,80.7,66.2,53.0,44.8,11.7,9.5
W92000004,Wales,2006,96.5,80.5,65.3,52.5,44.3,11.0,9.0
S92000003,Scotland,2006,96.5,80.3,65.7,54.4,46.3,10.9,9.1
N92000002,Northern Ireland,2006,95.5,81.0,70.3,59.9,50.5,10.1,6.8
K04000001,England And Wales,2006,96.5,80.7,66.2,53.0,44.8,11.7,9.5
K03000001,Great Britain,2006,96.5,80.7,66.1,53.1,44.9,11.6,9.5
K02000001,United Kingdom,2006,96.5,80.7,66.2,53.2,45.0,11.6,9.4
E09000001,City of London,2007,96.6,82.8,66.0,55.9,49.8,10.3,13.5
E09000002,Barking and Dagenham,2007,99.0,79.4,56.5,44.1,38.2,14.8,10.4
E09000003,Barnet,2007,99.8,82.0,59.7,49.2,42.5,12.4,14.3
E09000004,Bexley,2007,96.0,79.3,61.6,49.4,43.1,12.7,10.2
E09000005,Brent,2007,94.9,76.0,55.5,47.1,39.7,14.9,11.6
E09000006,Bromley,2007,94.6,82.6,61.4,50.6,43.7,14.1,9.7
E09000007,Camden,2007,98.5,82.5,62.9,50.8,43.4,11.8,11.4
E09000008,Croydon,2007,95.0,80.3,60.5,48.9,41.4,13.6,11.6
E09000009,Ealing,2007,90.2,75.2,55.4,45.2,38.6,14.9,10.7
E09000010,Enfield,2007,96.1,77.8,58.7,49.0,41.6,13.0,12.3
E09000011,Greenwich,2007,93.5,77.9,58.1,46.7,39.7,15.6,10.8
E09000012,Hackney,2007,95.7,81.3,61.9,51.0,46.1,15.0,10.9
E09000013,Hammersmith and Fulham,2007,92.7,75.6,54.7,44.3,38.1,15.7,12.1
E09000014,Haringey,2007,97.2,80.3,61.9,51.6,44.9,14.6,12.5
E09000015,Harrow,2007,100.0,84.4,65.2,54.6,46.2,12.9,11.3
E09000016,Havering,2007,94.9,78.8,59.5,49.5,40.9,12.8,10.2
E09000017,Hillingdon,2007,97.5,82.8,63.2,52.5,47.1,12.8,10.4
E09000018,Hounslow,2007,95.6,80.9,59.2,48.2,42.3,14.4,10.3
E09000019,Islington,2007,96.4,80.6,62.9,51.4,45.0,13.7,11.0
E09000020,Kensington and Chelsea,2007,92.4,78.2,59.7,49.5,42.3,12.9,10.0
E09000021,Kingston upon Thames,2007,97.6,85.4,65.0,51.7,45.4,14.4,11.1
E09000022,Lambeth,2007,93.5,79.0,57.8,46.6,39.6,17.8,10.8
E09000023,Lewisham,2007,93.1,79.7,58.3,48.0,41.1,17.3,11.2
E09000024,Merton,2007,95.1,78.6,61.4,48.9,42.1,16.0,11.2
E09000025,Newham,2007,92.6,73.4,53.8,43.1,36.2,16.7,12.3
E09000026,Redbridge,2007,97.4,79.3,57.9,47.8,41.1,15.7,14.6
E09000027,Richmond upon Thames,2007,95.2,81.7,64.5,53.8,46.5,13.4,9.7
E09000028,Southwark,2007,93.1,77.8,58.6,47.4,39.3,16.0,10.8
E09000029,Sutton,2007,97.7,82.2,64.4,53.4,46.6,12.9,9.7
E09000030,Tower Hamlets,2007,92.9,76.4,57.2,46.3,39.5,15.9,11.9
E09000031,Waltham Forest,2007,95.1,76.0,56.4,45.6,38.2,14.3,12.6
E09000032,Wandsworth,2007,95.3,78.6,56.5,43.7,35.7,17.4,10.9
E09000033,Westminster,2007,91.7,76.2,57.4,46.9,40.4,12.9,12.4
E13000001,Inner London,2007,94.2,78.5,59.0,48.0,41.2,14.2,11.7
E13000002,Outer London,2007,95.9,80.0,60.1,49.3,42.4,13.9,11.3
E12000001,North East,2007,94.5,80.1,62.3,51.1,43.7,14.2,9.5
E12000002,North West,2007,95.6,81.9,62.7,51.5,43.6,13.0,10.1
E12000003,Yorkshire And The Humber,2007,94.5,78.2,60.1,49.1,41.9,12.3,10.1
E12000004,East Midlands,2007,96.0,81.9,64.4,52.9,45.4,11.9,9.4
E12000005,West Midlands,2007,95.2,81.7,62.3,51.1,43.3,12.0,10.0
E12000006,East,2007,95.7,81.6,63.8,53.1,45.7,11.9,9.5
E12000007,London,2007,95.0,79.2,59.5,48.6,41.7,14.1,11.5
E12000008,South East,2007,96.3,83.8,66.1,55.1,47.3,11.5,9.6
E12000009,South West,2007,95.5,82.6,65.9,55.3,48.1,11.2,9.2
E92000001,England,2007,95.5,81.3,62.9,51.9,44.4,12.4,10.0
W92000004,Wales,2007,94.6,80.1,61.9,50.7,43.6,10.9,9.4
S92000003,Scotland,2007,96.1,81.6,65.5,54.7,47.4,12.6,8.3
N92000002,Northern Ireland,2007,94.6,77.0,62.7,51.3,44.0,10.3,6.5
K04000001,England And Wales,2007,95.4,81.3,62.9,51.8,44.4,12.3,10.0
K03000001,Great Britain,2007,95.5,81.3,63.0,52.0,44.6,12.4,9.9
K02000001,United Kingdom,2007,95.5,81.2,63.0,52.0,44.6,12.3,9.8
E09000001,City of London,2008,63.6,52.8,43.6,38.4,33.2,14.5,7.9
E09000002,Barking and Dagenham,2008,93.8,67.7,49.3,41.7,34.7,19.3,11.2
E09000003,Barnet,2008,87.9,68.0,53.4,46.2,39.5,13.5,12.1
E09000004,Bexley,2008,95.0,74.5,59.1,51.6,43.4,11.5,10.7
E09000005,Brent,2008,91.8,70.9,54.1,45.4,37.9,15.9,11.0
E09000006,Bromley,2008,93.8,68.6,52.9,45.5,39.6,12.0,9.7
E09000007,Camden,2008,85.3,67.9,53.0,44.2,38.1,12.5,9.0
E09000008,Croydon,2008,91.7,72.8,55.2,47.0,40.0,13.2,10.4
E09000009,Ealing,2008,91.4,71.1,54.5,45.2,38.5,15.5,10.8
E09000010,Enfield,2008,93.7,73.0,54.2,45.8,38.1,14.0,10.9
E09000011,Greenwich,2008,92.8,68.5,50.7,43.1,35.9,15.9,11.3
E09000012,Hackney,2008,91.7,68.8,53.2,44.0,37.1,16.2,9.2
E09000013,Hammersmith and Fulham,2008,87.0,64.2,49.0,40.3,33.9,16.7,11.4
E09000014,Haringey,2008,92.3,69.8,52.3,44.2,38.2,15.7,10.5
E09000015,Harrow,2008,92.3,73.7,58.9,49.8,42.2,13.6,11.8
E09000016,Havering,2008,92.7,72.7,53.9,44.7,35.5,13.7,10.0
E09000017,Hillingdon,2008,92.5,75.2,59.9,52.0,43.4,14.1,10.1
E09000018,Hounslow,2008,92.4,73.5,55.0,45.7,38.1,15.4,9.8
E09000019,Islington,2008,87.6,68.2,53.6,44.1,36.6,14.3,9.6
E09000020,Kensington and Chelsea,2008,89.4,70.2,53.8,45.9,38.0,13.3,9.2
E09000021,Kingston upon Thames,2008,92.2,71.6,57.6,48.8,40.5,13.8,10.1
E09000022,Lambeth,2008,88.9,68.6,50.4,41.8,34.8,16.4,10.7
E09000023,Lewisham,2008,93.0,70.0,51.2,42.2,34.9,17.3,10.0
E09000024,Merton,2008,91.6,72.9,56.6,47.4,39.4,15.8,11.0
E09000025,Newham,2008,92.8,62.6,44.9,36.9,29.2,19.9,12.3
E09000026,Redbridge,2008,93.0,70.6,51.8,44.0,36.3,15.8,12.9
E09000027,Richmond upon Thames,2008,92.6,76.6,60.9,51.6,43.9,13.0,9.6
E09000028,Southwark,2008,88.4,66.5,48.9,40.0,33.6,15.8,10.2
E09000029,Sutton,2008,91.7,74.2,59.0,51.3,41.7,11.3,10.4
E09000030,Tower Hamlets,2008,86.3,66.3,49.9,42.5,35.0,17.8,11.0
E09000031,Waltham Forest,2008,91.3,70.9,53.9,44.7,38.4,15.3,13.0
E09000032,Wandsworth,2008,89.3,70.0,53.3,43.8,35.6,16.9,10.7
E09000033,Westminster,2008,80.7,63.6,49.1,41.1,34.7,14.7,9.6
E13000001,Inner London,2008,85.5,66.0,50.4,42.1,35.3,15.3,9.9
E13000002,Outer London,2008,92.0,71.8,55.2,46.8,39.3,14.2,10.9
E12000001,North East,2008,93.4,75.7,59.6,49.5,41.0,12.1,10.0
E12000002,North West,2008,93.8,74.7,57.8,48.2,40.3,11.7,10.0
E12000003,Yorkshire And The Humber,2008,90.7,73.1,56.7,48.0,40.6,11.2,10.4
E12000004,East Midlands,2008,93.8,76.1,59.7,50.3,43.0,10.6,9.4
E12000005,West Midlands,2008,93.7,75.8,58.6,49.2,41.2,10.7,9.4
E12000006,East,2008,93.0,75.2,59.7,50.4,42.4,11.0,9.9
E12000007,London,2008,88.5,68.6,52.6,44.2,37.1,14.7,10.4
E12000008,South East,2008,93.2,76.5,61.4,52.1,44.3,10.8,9.1
E12000009,South West,2008,94.2,77.3,62.3,53.1,45.6,10.1,8.9
E92000001,England,2008,92.1,73.9,57.9,48.8,41.2,11.7,9.7
W92000004,Wales,2008,94.3,76.5,60.0,50.5,42.5,10.1,9.5
S92000003,Scotland,2008,93.3,77.1,61.2,51.8,43.6,10.9,8.7
N92000002,Northern Ireland,2008,81.4,63.4,50.5,42.4,35.5,9.4,7.0
K04000001,England And Wales,2008,92.2,74.0,58.0,48.9,41.3,11.6,9.7
K03000001,Great Britain,2008,92.2,74.2,58.2,49.1,41.4,11.6,9.6
K02000001,United Kingdom,2008,92.0,74.0,58.0,48.9,41.3,11.5,9.6
E09000001,City of London,2009,72.1,59.2,49.7,41.6,36.3,12.0,9.2
E09000002,Barking and Dagenham,2009,91.1,67.5,52.0,39.8,33.3,15.8,14.8
E09000003,Barnet,2009,85.7,67.8,53.1,45.0,37.6,12.1,15.0
E09000004,Bexley,2009,93.8,76.4,63.2,51.4,43.8,10.4,12.7
E09000005,Brent,2009,91.4,70.9,56.1,45.1,37.4,13.5,14.4
E09000006,Bromley,2009,90.5,73.9,59.8,49.2,41.7,10.2,13.5
E09000007,Camden,2009,83.4,67.8,54.5,44.8,38.6,10.9,12.1
E09000008,Croydon,2009,90.4,72.9,58.6,47.1,39.3,11.6,13.5
E09000009,Ealing,2009,92.3,72.2,58.2,48.5,40.2,13.7,13.7
E09000010,Enfield,2009,90.5,70.2,55.7,43.9,37.4,12.5,15.0
E09000011,Greenwich,2009,93.5,75.5,59.2,48.9,40.8,13.7,14.5
E09000012,Hackney,2009,91.4,74.2,61.3,50.7,43.0,13.4,13.7
E09000013,Hammersmith and Fulham,2009,89.4,69.6,53.8,42.3,36.5,13.2,14.8
E09000014,Haringey,2009,91.0,71.8,56.1,46.3,39.6,13.7,13.4
E09000015,Harrow,2009,90.7,72.2,58.1,48.1,41.9,13.2,13.7
E09000016,Havering,2009,93.2,73.3,59.2,47.6,38.7,11.8,13.1
E09000017,Hillingdon,2009,91.5,74.8,58.5,47.6,39.8,12.2,12.8
E09000018,Hounslow,2009,91.6,72.9,57.6,47.3,39.7,13.0,13.1
E09000019,Islington,2009,88.3,70.6,56.5,46.5,40.5,11.9,12.3
E09000020,Kensington and Chelsea,2009,89.7,71.4,57.6,47.6,40.3,11.8,11.5
E09000021,Kingston upon Thames,2009,93.4,78.5,65.2,50.3,42.0,11.9,13.1
E09000022,Lambeth,2009,93.1,72.7,58.1,46.0,38.8,12.7,14.9
E09000023,Lewisham,2009,92.2,71.8,56.3,46.1,38.3,13.5,14.8
E09000024,Merton,2009,92.6,74.7,57.6,45.6,37.3,12.3,13.9
E09000025,Newham,2009,93.5,70.6,53.7,42.1,35.0,17.4,16.5
E09000026,Redbridge,2009,86.9,69.7,53.9,43.1,36.4,15.7,15.4
E09000027,Richmond upon Thames,2009,93.2,76.8,63.6,52.9,44.6,11.5,11.3
E09000028,Southwark,2009,88.5,71.0,56.2,45.9,38.2,12.8,14.6
E09000029,Sutton,2009,92.3,76.9,60.8,49.7,44.1,10.3,12.1
E09000030,Tower Hamlets,2009,87.4,69.3,55.7,44.5,36.2,14.6,14.6
E09000031,Waltham Forest,2009,94.4,72.8,54.9,43.1,37.9,13.6,14.9
E09000032,Wandsworth,2009,93.3,75.5,61.3,48.0,40.8,13.1,14.9
E09000033,Westminster,2009,78.2,62.5,49.9,41.1,34.8,12.3,12.9
E13000001,Inner London,2009,85.9,68.5,54.8,44.6,37.8,12.7,13.2
E13000002,Outer London,2009,91.0,72.7,57.8,47.0,39.5,12.5,13.7
E12000001,North East,2009,92.2,73.4,58.9,47.7,40.2,10.4,11.7
E12000002,North West,2009,91.6,74.3,59.4,47.8,40.5,10.1,12.8
E12000003,Yorkshire And The Humber,2009,89.6,72.2,58.2,48.0,41.2,10.2,12.1
E12000004,East Midlands,2009,92.1,75.0,60.6,50.2,43.1,9.4,11.8
E12000005,West Midlands,2009,91.6,73.6,59.2,48.7,41.5,9.5,12.1
E12000006,East,2009,92.5,76.6,62.2,51.3,44.3,9.9,11.9
E12000007,London,2009,88.3,70.5,56.2,45.7,38.6,12.6,13.5
E12000008,South East,2009,91.6,75.7,61.9,51.2,43.8,9.7,11.3
E12000009,South West,2009,92.6,76.7,63.2,52.4,45.0,8.7,10.8
E92000001,England,2009,90.9,73.9,59.7,48.9,41.8,10.2,12.1
W92000004,Wales,2009,92.1,73.9,58.8,47.9,40.8,9.1,11.0
S92000003,Scotland,2009,90.8,74.4,60.1,48.8,42.1,9.8,10.0
N92000002,Northern Ireland,2009,85.3,67.0,55.3,46.5,39.7,6.6,8.7
K04000001,England And Wales,2009,90.9,73.9,59.7,48.9,41.7,10.2,12.1
K03000001,Great Britain,2009,90.9,73.9,59.7,48.9,41.8,10.2,11.9
K02000001,United Kingdom,2009,90.8,73.8,59.6,48.9,41.7,10.1,11.8
E09000001,City of London,2010,73.7,62.7,52.0,44.2,39.3,10.9,9.1
E09000002,Barking and Dagenham,2010,88.2,70.9,52.8,41.7,36.2,15.2,14.0
E09000003,Barnet,2010,81.8,66.6,51.4,43.2,36.7,11.8,13.5
E09000004,Bexley,2010,85.7,71.4,55.4,45.8,39.3,11.7,11.8
E09000005,Brent,2010,87.7,71.5,54.6,46.3,39.9,12.9,11.2
E09000006,Bromley,2010,88.1,75.9,60.0,50.5,44.1,11.4,10.9
E09000007,Camden,2010,81.1,67.6,54.1,44.7,38.6,11.5,10.4
E09000008,Croydon,2010,86.6,72.2,53.2,44.1,38.1,11.9,11.9
E09000009,Ealing,2010,86.9,70.8,54.8,45.5,39.4,12.0,11.3
E09000010,Enfield,2010,83.8,69.4,52.5,44.6,38.1,12.7,13.1
E09000011,Greenwich,2010,87.7,72.2,56.1,46.2,39.6,14.8,12.5
E09000012,Hackney,2010,85.7,70.4,55.4,46.8,40.8,13.4,10.5
E09000013,Hammersmith and Fulham,2010,84.1,69.2,53.4,43.6,36.6,13.8,11.8
E09000014,Haringey,2010,86.8,70.9,54.3,46.8,40.4,13.5,11.7
E09000015,Harrow,2010,86.4,71.8,56.8,49.3,42.5,12.6,11.7
E09000016,Havering,2010,88.2,72.5,57.3,48.3,41.0,10.9,12.0
E09000017,Hillingdon,2010,89.5,73.9,58.0,50.4,43.7,11.6,11.0
E09000018,Hounslow,2010,89.8,76.0,60.1,50.2,43.5,13.7,11.7
E09000019,Islington,2010,85.5,72.0,55.2,46.5,39.0,12.3,11.7
E09000020,Kensington and Chelsea,2010,83.3,69.4,54.0,44.4,38.9,13.1,10.4
E09000021,Kingston upon Thames,2010,85.3,72.3,57.6,48.0,41.2,11.5,11.8
E09000022,Lambeth,2010,88.1,74.3,57.2,48.9,42.1,13.7,12.2
E09000023,Lewisham,2010,88.8,71.1,55.3,46.2,39.6,12.6,12.9
E09000024,Merton,2010,88.1,73.7,58.4,49.0,42.0,13.4,11.6
E09000025,Newham,2010,84.8,65.8,48.1,39.5,33.3,17.6,14.6
E09000026,Redbridge,2010,86.2,69.8,52.8,43.3,36.4,15.1,13.5
E09000027,Richmond upon Thames,2010,88.6,77.1,61.8,52.9,45.7,11.3,10.0
E09000028,Southwark,2010,86.2,71.8,55.1,45.8,39.8,12.5,10.7
E09000029,Sutton,2010,87.2,73.1,59.6,50.6,44.9,10.8,10.7
E09000030,Tower Hamlets,2010,81.4,67.9,52.6,43.6,36.5,15.8,12.4
E09000031,Waltham Forest,2010,84.2,68.4,51.2,43.7,37.2,13.9,13.7
E09000032,Wandsworth,2010,89.6,74.8,58.6,47.1,39.8,14.0,12.1
E09000033,Westminster,2010,77.9,64.7,52.0,43.2,37.0,12.8,10.9
E13000001,Inner London,2010,82.8,68.7,53.9,44.8,38.4,13.1,11.2
E13000002,Outer London,2010,86.6,71.9,55.8,46.9,40.3,12.5,11.9
E12000001,North East,2010,88.3,73.7,57.3,47.2,40.7,9.4,10.9
E12000002,North West,2010,87.4,71.9,55.7,46.6,39.9,9.7,11.2
E12000003,Yorkshire And The Humber,2010,85.7,70.9,55.7,46.9,40.8,9.9,11.1
E12000004,East Midlands,2010,88.3,74.0,57.7,48.8,41.9,9.1,10.6
E12000005,West Midlands,2010,87.1,72.3,57.1,48.2,41.3,9.4,11.0
E12000006,East,2010,87.8,73.9,58.7,49.8,43.1,9.5,10.1
E12000007,London,2010,84.6,70.2,54.8,45.8,39.3,12.8,11.6
E12000008,South East,2010,87.9,74.5,59.5,50.3,43.4,9.8,10.1
E12000009,South West,2010,88.1,74.2,59.9,51.0,44.2,8.6,9.6
E92000001,England,2010,86.8,72.5,57.1,48.1,41.4,10.1,10.7
W92000004,Wales,2010,86.7,72.2,56.4,47.4,40.7,8.3,10.2
S92000003,Scotland,2010,85.5,72.5,57.1,48.3,41.4,10.0,9.8
N92000002,Northern Ireland,2010,86.9,72.0,55.6,46.6,40.4,7.8,8.8
K04000001,England And Wales,2010,86.8,72.5,57.1,48.1,41.4,10.1,10.7
K03000001,Great Britain,2010,86.7,72.5,57.1,48.1,41.4,10.1,10.6
K02000001,United Kingdom,2010,86.7,72.5,57.1,48.1,41.4,10.0,10.6
E09000001,City of London,2011,80.1,63.8,52.0,45.2,38.2,11.0,9.8
E09000002,Barking and Dagenham,2011,94.0,72.5,54.5,44.9,38.3,19.5,10.6
E09000003,Barnet,2011,91.0,72.1,57.7,48.9,41.3,13.4,12.5
E09000004,Bexley,2011,93.7,76.7,58.7,49.7,43.9,13.0,9.9
E09000005,Brent,2011,94.3,73.9,56.7,47.0,40.7,14.9,10.5
E09000006,Bromley,2011,93.0,76.6,62.7,53.8,46.5,12.1,9.6
E09000007,Camden,2011,90.2,71.4,57.3,48.3,41.9,12.3,9.4
E09000008,Croydon,2011,93.7,74.9,60.1,51.3,44.2,13.8,10.8
E09000009,Ealing,2011,95.2,76.7,57.5,47.7,41.0,15.2,10.0
E09000010,Enfield,2011,91.2,71.2,56.5,47.7,41.2,13.9,11.7
E09000011,Greenwich,2011,94.2,73.3,56.8,47.3,41.2,16.7,10.6
E09000012,Hackney,2011,92.6,75.4,60.9,51.0,43.1,16.2,8.8
E09000013,Hammersmith and Fulham,2011,92.6,73.0,56.0,46.2,39.1,15.4,10.5
E09000014,Haringey,2011,93.9,73.6,58.3,49.4,42.0,15.7,10.2
E09000015,Harrow,2011,94.4,75.1,59.2,50.2,43.3,13.5,10.9
E09000016,Havering,2011,94.0,75.1,58.7,48.8,42.8,12.3,10.3
E09000017,Hillingdon,2011,95.1,76.6,60.9,50.7,45.4,14.4,9.8
E09000018,Hounslow,2011,95.0,75.9,59.9,50.4,43.2,17.3,9.2
E09000019,Islington,2011,92.4,75.5,61.5,50.7,43.6,15.1,9.6
E09000020,Kensington and Chelsea,2011,93.1,74.2,58.3,48.9,41.7,13.6,8.2
E09000021,Kingston upon Thames,2011,93.4,79.2,65.0,54.8,47.7,12.7,9.8
E09000022,Lambeth,2011,93.8,75.8,59.1,47.6,41.4,16.9,9.8
E09000023,Lewisham,2011,94.1,73.0,56.7,48.1,42.2,17.2,11.0
E09000024,Merton,2011,94.7,77.1,61.5,51.2,43.5,16.1,10.6
E09000025,Newham,2011,93.7,70.9,52.5,42.7,36.4,22.0,11.7
E09000026,Redbridge,2011,94.4,74.9,58.8,49.4,41.8,16.9,11.2
E09000027,Richmond upon Thames,2011,94.7,78.3,62.0,53.0,46.3,12.2,10.3
E09000028,Southwark,2011,90.7,71.4,55.9,46.6,40.6,13.8,12.3
E09000029,Sutton,2011,94.8,79.1,65.7,56.4,48.8,11.9,9.7
E09000030,Tower Hamlets,2011,93.6,74.9,58.4,48.5,40.8,18.1,10.4
E09000031,Waltham Forest,2011,93.1,68.6,52.0,43.0,35.0,17.4,12.3
E09000032,Wandsworth,2011,95.5,77.7,62.1,50.2,42.9,16.4,10.2
E09000033,Westminster,2011,85.6,68.9,54.5,45.9,39.4,13.7,9.8
E13000001,Inner London,2011,90.7,72.4,57.2,47.7,40.9,14.8,10.0
E13000002,Outer London,2011,93.8,74.9,59.0,49.6,42.7,14.4,10.6
E12000001,North East,2011,93.7,75.3,59.4,49.6,42.6,11.2,9.8
E12000002,North West,2011,93.1,74.6,59.6,49.5,42.6,11.1,10.9
E12000003,Yorkshire And The Humber,2011,92.1,74.2,59.0,49.8,43.2,10.5,10.0
E12000004,East Midlands,2011,93.3,74.9,60.2,50.8,43.9,10.3,9.7
E12000005,West Midlands,2011,93.4,76.0,60.8,51.4,44.4,10.5,10.0
E12000006,East,2011,93.9,77.4,62.7,52.8,45.8,10.5,9.6
E12000007,London,2011,92.1,73.6,58.0,48.6,41.7,14.6,10.3
E12000008,South East,2011,93.6,77.2,62.4,53.0,46.0,10.8,9.5
E12000009,South West,2011,93.8,77.4,63.0,53.3,47.0,9.6,9.2
E92000001,England,2011,93.1,75.5,60.4,50.8,44.0,11.4,9.9
W92000004,Wales,2011,94.2,75.4,60.1,50.3,43.2,9.3,9.5
S92000003,Scotland,2011,93.9,77.6,62.8,53.2,45.6,10.9,9.0
N92000002,Northern Ireland,2011,90.1,73.6,59.3,51.7,46.1,6.5,8.3
K04000001,England And Wales,2011,93.1,75.5,60.4,50.8,44.0,11.3,9.9
K03000001,Great Britain,2011,93.1,75.6,60.5,51.0,44.1,11.3,9.8
K02000001,United Kingdom,2011,93.1,75.6,60.5,51.0,44.1,11.2,9.8
E09000001,City of London,2012,75.5,62.6,52.4,45.0,37.9,11.3,9.9
E09000002,Barking and Dagenham,2012,93.5,73.4,56.2,46.7,39.6,18.4,12.2
E09000003,Barnet,2012,87.3,69.8,56.3,47.7,40.9,13.5,13.7
E09000004,Bexley,2012,92.7,75.4,59.2,51.4,44.1,12.1,11.8
E09000005,Brent,2012,91.6,70.4,55.4,46.6,39.2,14.9,11.7
E09000006,Bromley,2012,93.1,76.9,62.3,52.4,44.6,12.4,10.5
E09000007,Camden,2012,86.1,69.3,55.9,46.5,39.5,11.9,10.9
E09000008,Croydon,2012,93.2,73.7,58.4,46.7,39.4,13.6,12.1
E09000009,Ealing,2012,92.1,73.5,58.7,50.1,42.5,14.8,11.1
E09000010,Enfield,2012,92.0,73.7,59.1,50.8,43.7,14.3,12.7
E09000011,Greenwich,2012,92.4,71.2,56.4,46.8,40.0,16.3,11.9
E09000012,Hackney,2012,89.5,73.8,58.6,49.1,43.5,16.5,10.4
E09000013,Hammersmith and Fulham,2012,90.2,69.2,52.5,42.2,35.5,15.4,10.8
E09000014,Haringey,2012,91.3,71.3,56.7,48.0,40.7,14.5,11.6
E09000015,Harrow,2012,92.8,74.6,59.8,50.9,43.4,14.0,12.2
E09000016,Havering,2012,93.5,77.0,63.1,53.5,45.2,12.9,11.7
E09000017,Hillingdon,2012,92.6,74.5,60.1,52.3,44.3,13.5,11.5
E09000018,Hounslow,2012,90.7,74.2,58.2,49.5,43.4,15.8,10.5
E09000019,Islington,2012,89.1,69.0,52.9,45.0,38.1,15.3,10.4
E09000020,Kensington and Chelsea,2012,89.3,68.8,54.0,45.4,38.9,13.4,10.1
E09000021,Kingston upon Thames,2012,92.9,79.1,65.8,58.7,50.0,12.2,12.2
E09000022,Lambeth,2012,96.6,67.5,42.1,33.8,25.0,28.7,10.5
E09000023,Lewisham,2012,93.3,75.3,59.0,50.2,42.4,17.2,12.1
E09000024,Merton,2012,91.8,72.2,57.2,49.7,42.5,15.5,12.0
E09000025,Newham,2012,92.1,67.9,52.1,43.5,36.8,20.3,14.0
E09000026,Redbridge,2012,90.7,70.8,56.0,47.0,39.9,16.3,14.0
E09000027,Richmond upon Thames,2012,91.8,75.9,60.8,53.6,45.8,12.6,10.0
E09000028,Southwark,2012,89.2,70.9,55.1,46.1,39.8,14.4,12.0
E09000029,Sutton,2012,92.9,76.9,63.2,52.2,45.1,12.2,11.2
E09000030,Tower Hamlets,2012,88.5,69.3,53.7,43.0,35.9,17.4,12.2
E09000031,Waltham Forest,2012,92.1,71.1,54.2,44.8,37.5,16.8,13.2
E09000032,Wandsworth,2012,91.1,74.5,57.6,47.7,39.9,15.0,11.6
E09000033,Westminster,2012,80.8,64.2,50.8,42.2,35.6,13.9,10.4
E13000001,Inner London,2012,88.0,68.7,52.7,43.7,36.7,15.4,11.0
E13000002,Outer London,2012,91.7,73.4,58.6,49.7,42.4,14.2,11.9
E12000001,North East,2012,92.2,75.6,60.4,51.2,43.6,11.4,11.0
E12000002,North West,2012,92.0,74.2,59.4,50.2,42.9,11.4,11.3
E12000003,Yorkshire And The Humber,2012,91.6,74.3,59.8,50.9,43.9,10.7,10.8
E12000004,East Midlands,2012,92.3,75.0,60.8,52.0,44.9,10.6,10.4
E12000005,West Midlands,2012,92.1,74.8,60.2,51.2,44.4,10.5,10.6
E12000006,East,2012,92.1,75.6,61.5,52.6,45.4,10.6,10.3
E12000007,London,2012,89.7,70.8,55.3,46.4,39.3,14.8,11.4
E12000008,South East,2012,91.1,74.9,61.1,52.1,44.8,10.8,10.2
E12000009,South West,2012,92.3,75.7,61.8,52.9,45.8,9.8,9.9
E92000001,England,2012,91.2,73.8,59.2,50.3,43.1,11.6,10.7
W92000004,Wales,2012,92.3,75.0,60.4,51.3,44.0,9.4,10.2
S92000003,Scotland,2012,91.8,75.9,62.0,52.1,43.7,11.0,10.5
N92000002,Northern Ireland,2012,90.3,68.9,56.8,50.6,44.7,7.0,9.1
K04000001,England And Wales,2012,91.3,73.9,59.3,50.3,43.1,11.5,10.7
K03000001,Great Britain,2012,91.3,74.0,59.5,50.4,43.2,11.5,10.7
K02000001,United Kingdom,2012,91.3,73.9,59.4,50.4,43.2,11.3,10.6
E09000001,City of London,2013,78.5,64.3,53.9,46.1,39.8,12.9,8.5
E09000002,Barking and Dagenham,2013,94.9,73.0,58.2,46.0,36.7,23.4,11.8
E09000003,Barnet,2013,91.7,73.9,58.4,49.2,41.2,16.1,12.4
E09000004,Bexley,2013,94.0,73.5,60.4,51.1,42.2,17.1,11.4
E09000005,Brent,2013,93.2,74.4,59.6,50.7,42.1,18.1,11.2
E09000006,Bromley,2013,95.0,78.6,65.6,55.8,46.6,14.8,9.6
E09000007,Camden,2013,89.6,73.6,59.1,49.5,41.0,14.5,9.5
E09000008,Croydon,2013,93.9,75.3,59.7,48.8,40.3,17.1,11.1
E09000009,Ealing,2013,94.8,75.8,61.4,50.6,41.6,19.6,10.2
E09000010,Enfield,2013,93.6,74.2,57.5,46.7,37.7,18.8,10.8
E09000011,Greenwich,2013,94.3,72.7,55.7,47.4,37.1,20.9,11.1
E09000012,Hackney,2013,93.8,76.8,62.0,52.2,43.2,20.1,8.9
E09000013,Hammersmith and Fulham,2013,93.2,73.4,58.3,48.9,40.8,17.8,10.5
E09000014,Haringey,2013,93.8,74.4,60.2,49.5,40.3,19.1,10.7
E09000015,Harrow,2013,94.0,76.5,62.9,53.7,45.2,16.7,10.8
E09000016,Havering,2013,93.8,75.3,61.0,50.0,40.8,16.5,10.6
E09000017,Hillingdon,2013,93.2,74.8,61.0,51.4,43.1,16.6,10.4
E09000018,Hounslow,2013,93.7,76.2,62.0,53.4,44.3,18.1,10.3
E09000019,Islington,2013,91.5,72.5,56.9,46.6,38.5,20.2,9.8
E09000020,Kensington and Chelsea,2013,92.8,74.5,58.9,49.6,41.8,16.1,9.5
E09000021,Kingston upon Thames,2013,93.7,76.8,62.9,51.5,43.9,14.6,10.5
E09000022,Lambeth,2013,96.4,63.8,47.5,33.6,20.9,28.5,13.0
E09000023,Lewisham,2013,95.1,73.4,54.8,46.3,38.6,20.5,11.0
E09000024,Merton,2013,94.6,78.4,64.0,51.9,42.9,18.4,10.8
E09000025,Newham,2013,92.9,70.0,52.6,43.9,34.9,24.8,13.3
E09000026,Redbridge,2013,94.3,74.5,60.2,49.7,40.5,20.1,12.7
E09000027,Richmond upon Thames,2013,94.8,78.8,63.7,52.8,43.5,14.8,9.3
E09000028,Southwark,2013,91.8,73.4,59.2,49.5,40.6,18.1,10.6
E09000029,Sutton,2013,94.4,76.0,61.4,51.5,43.8,14.9,10.0
E09000030,Tower Hamlets,2013,89.6,69.8,54.9,44.6,35.6,22.1,11.4
E09000031,Waltham Forest,2013,93.3,71.0,57.5,47.3,37.9,20.7,12.4
E09000032,Wandsworth,2013,94.3,75.8,59.4,49.1,40.6,19.2,10.3
E09000033,Westminster,2013,85.5,68.8,55.4,46.0,38.6,15.2,9.5
E13000001,Inner London,2013,90.9,71.1,56.1,46.1,37.4,18.3,10.2
E13000002,Outer London,2013,93.9,75.2,60.6,50.5,41.7,17.5,10.9
E12000001,North East,2013,94.3,74.7,60.2,49.9,41.1,14.7,9.9
E12000002,North West,2013,94.1,74.4,59.7,50.8,41.9,14.7,10.1
E12000003,Yorkshire And The Humber,2013,94.2,75.2,60.8,51.9,43.4,13.6,9.8
E12000004,East Midlands,2013,94.2,75.5,61.5,51.8,42.6,13.7,9.4
E12000005,West Midlands,2013,94.2,75.3,61.2,51.6,43.0,13.4,9.6
E12000006,East,2013,94.2,76.8,63.0,53.3,44.7,13.3,9.5
E12000007,London,2013,92.3,73.0,58.2,48.1,39.3,17.9,10.5
E12000008,South East,2013,94.0,76.9,63.2,53.4,44.6,13.1,9.4
E12000009,South West,2013,93.8,76.8,63.2,53.9,45.6,12.2,9.1
E92000001,England,2013,93.6,75.1,60.9,51.2,42.5,14.4,9.8
W92000004,Wales,2013,93.6,74.8,60.6,50.6,42.0,12.6,9.2
S92000003,Scotland,2013,94.0,76.7,62.1,51.3,41.7,13.3,9.2
N92000002,Northern Ireland,2013,86.4,67.0,56.6,49.4,43.0,8.7,8.8
K04000001,England And Wales,2013,93.6,75.1,60.9,51.2,42.5,14.3,9.7
K03000001,Great Britain,2013,93.6,75.2,60.9,51.2,42.4,14.3,9.7
K02000001,United Kingdom,2013,93.5,75.1,60.9,51.2,42.4,14.1,9.7
E09000001,City of London,2014,73.0,60.5,50.8,42.7,37.7,13.6,8.5
E09000002,Barking and Dagenham,2014,92.7,74.0,58.8,45.0,37.0,23.0,11.7
E09000003,Barnet,2014,88.1,70.5,57.6,46.7,39.9,16.2,11.6
E09000004,Bexley,2014,93.8,78.7,65.3,51.2,41.6,17.3,10.8
E09000005,Brent,2014,93.2,74.7,59.2,48.4,41.0,17.6,10.6
E09000006,Bromley,2014,93.2,78.1,64.2,52.1,45.0,14.8,9.6
E09000007,Camden,2014,87.0,69.6,55.4,44.7,39.2,15.1,9.1
E09000008,Croydon,2014,93.3,77.4,63.2,51.0,42.1,16.6,10.6
E09000009,Ealing,2014,92.6,76.5,62.4,50.6,43.1,17.8,10.3
E09000010,Enfield,2014,90.9,72.5,56.6,44.5,38.6,17.7,11.6
E09000011,Greenwich,2014,94.4,77.2,62.7,48.5,39.6,18.8,11.4
E09000012,Hackney,2014,92.3,76.6,61.2,49.0,42.4,20.2,9.6
E09000013,Hammersmith and Fulham,2014,91.4,73.7,56.3,45.6,39.1,17.7,11.2
E09000014,Haringey,2014,93.8,75.8,60.7,47.9,41.1,18.4,10.9
E09000015,Harrow,2014,91.6,75.3,61.5,51.0,43.5,17.1,10.4
E09000016,Havering,2014,93.6,78.1,62.3,50.5,42.8,15.7,10.7
E09000017,Hillingdon,2014,93.3,77.1,62.2,48.7,40.7,16.6,10.2
E09000018,Hounslow,2014,93.1,76.5,62.7,51.3,44.4,17.8,9.8
E09000019,Islington,2014,90.0,72.5,56.5,45.5,38.2,19.9,10.6
E09000020,Kensington and Chelsea,2014,91.5,74.8,59.1,48.7,42.7,15.9,9.0
E09000021,Kingston upon Thames,2014,93.3,78.3,62.2,50.8,43.7,14.9,9.6
E09000022,Lambeth,2014,96.9,74.3,58.7,25.9,20.1,26.7,16.0
E09000023,Lewisham,2014,93.3,75.9,59.9,47.9,39.8,19.4,11.8
E09000024,Merton,2014,94.0,77.7,62.7,49.6,42.9,17.8,10.8
E09000025,Newham,2014,91.3,71.7,56.2,43.1,37.0,24.5,12.9
E09000026,Redbridge,2014,93.2,74.2,59.5,47.5,41.1,19.6,11.9
E09000027,Richmond upon Thames,2014,94.2,79.3,64.0,52.6,44.3,14.5,9.1
E09000028,Southwark,2014,90.3,74.1,58.0,47.3,40.3,18.5,10.1
E09000029,Sutton,2014,94.5,78.1,66.7,54.0,46.4,14.5,9.7
E09000030,Tower Hamlets,2014,92.1,73.3,56.8,45.1,37.3,20.9,11.8
E09000031,Waltham Forest,2014,92.1,75.2,59.5,47.4,40.2,21.3,12.3
E09000032,Wandsworth,2014,94.3,77.4,60.6,48.4,40.1,17.5,10.5
E09000033,Westminster,2014,83.0,66.3,53.1,43.2,38.0,15.5,9.1
E13000001,Inner London,2014,89.5,71.9,56.9,43.4,37.0,18.2,10.5
E13000002,Outer London,2014,92.6,75.8,61.4,49.3,41.9,17.2,10.7
E12000001,North East,2014,92.3,75.5,59.6,47.9,40.9,14.0,10.3
E12000002,North West,2014,92.8,75.9,60.9,48.7,41.5,13.7,10.2
E12000003,Yorkshire And The Humber,2014,92.5,76.5,62.0,49.9,43.0,13.3,9.8
E12000004,East Midlands,2014,93.3,76.1,61.6,48.9,42.1,13.2,9.4
E12000005,West Midlands,2014,92.2,76.2,61.8,50.1,43.4,13.0,9.7
E12000006,East,2014,93.1,77.4,63.0,51.6,44.5,12.8,9.4
E12000007,London,2014,90.9,73.7,58.9,46.1,39.2,17.7,10.6
E12000008,South East,2014,93.2,77.8,63.6,52.4,45.6,12.7,9.1
E12000009,South West,2014,92.9,77.0,63.4,52.4,45.9,11.7,9.0
E92000001,England,2014,92.3,75.9,61.4,49.4,42.5,14.0,9.7
W92000004,Wales,2014,92.4,75.2,60.0,48.3,42.0,12.3,9.2
S92000003,Scotland,2014,92.4,76.1,60.4,49.0,42.3,12.7,9.3
N92000002,Northern Ireland,2014,86.0,69.6,58.2,49.8,44.6,8.7,8.0
K04000001,England And Wales,2014,92.3,75.9,61.3,49.3,42.5,13.9,9.7
K03000001,Great Britain,2014,92.3,75.9,61.3,49.3,42.5,13.8,9.7
K02000001,United Kingdom,2014,92.2,75.8,61.2,49.3,42.5,13.7,9.7
E09000001,City of London,2015,75.2,60.3,35.0,28.7,0.0,19.0,8.7
E09000002,Barking and Dagenham,2015,94.9,74.2,54.4,42.0,0.0,25.4,11.7
E09000003,Barnet,2015,81.6,63.6,50.0,42.2,0.0,17.0,13.0
E09000004,Bexley,2015,94.1,76.3,58.9,47.0,0.0,17.7,10.4
E09000005,Brent,2015,91.0,72.2,55.6,46.8,0.0,18.4,11.4
E09000006,Bromley,2015,92.9,76.3,60.5,51.1,0.0,14.9,10.3
E09000007,Camden,2015,81.5,63.3,48.8,39.9,0.0,17.3,10.9
E09000008,Croydon,2015,92.4,74.0,57.7,47.1,0.0,17.3,11.5
E09000009,Ealing,2015,92.8,73.0,57.6,47.4,0.0,18.3,11.0
E09000010,Enfield,2015,91.1,71.6,55.8,44.8,0.0,18.1,12.5
E09000011,Greenwich,2015,93.6,74.8,58.4,47.8,0.0,22.5,11.9
E09000012,Hackney,2015,89.4,69.9,53.3,44.6,0.0,22.2,10.9
E09000013,Hammersmith and Fulham,2015,86.9,66.2,49.4,39.6,0.0,18.2,12.3
E09000014,Haringey,2015,91.7,73.8,56.8,47.4,0.0,18.5,11.2
E09000015,Harrow,2015,91.2,72.4,56.0,47.6,0.0,17.2,11.9
E09000016,Havering,2015,93.3,74.1,56.1,45.9,0.0,17.0,10.7
E09000017,Hillingdon,2015,91.1,72.9,56.1,47.4,0.0,17.1,10.7
E09000018,Hounslow,2015,92.1,72.9,56.6,46.5,0.0,18.2,11.3
E09000019,Islington,2015,60.5,46.8,35.4,29.5,0.0,24.7,18.5
E09000020,Kensington and Chelsea,2015,87.0,67.3,52.2,44.8,0.0,16.4,10.1
E09000021,Kingston upon Thames,2015,90.1,71.9,56.9,47.8,0.0,15.3,9.9
E09000022,Lambeth,2015,93.7,73.1,48.0,38.0,0.0,19.8,15.2
E09000023,Lewisham,2015,94.6,74.8,55.7,44.7,0.0,19.7,12.4
E09000024,Merton,2015,92.1,74.6,57.3,47.9,0.0,18.4,10.8
E09000025,Newham,2015,93.2,72.4,54.5,45.1,0.0,25.9,13.1
E09000026,Redbridge,2015,90.8,71.9,54.9,44.8,0.0,21.6,13.4
E09000027,Richmond upon Thames,2015,91.6,74.8,60.7,51.6,0.0,14.3,9.7
E09000028,Southwark,2015,88.2,70.8,54.5,45.3,0.0,18.3,11.5
E09000029,Sutton,2015,92.9,75.1,59.5,49.8,0.0,15.4,11.4
E09000030,Tower Hamlets,2015,86.5,67.3,51.4,41.8,0.0,21.3,13.3
E09000031,Waltham Forest,2015,93.4,73.5,55.8,46.0,0.0,22.6,12.0
E09000032,Wandsworth,2015,92.2,70.3,52.2,41.8,0.0,19.3,11.7
E09000033,Westminster,2015,74.7,58.4,46.6,39.8,0.0,16.4,11.4
E13000001,Inner London,2015,82.5,64.5,48.0,39.6,0.0,19.2,12.1
E13000002,Outer London,2015,91.2,72.6,56.4,46.6,0.0,18.0,11.5
E12000001,North East,2015,92.0,71.6,54.7,44.7,0.0,13.6,10.9
E12000002,North West,2015,90.7,70.8,54.6,45.2,0.0,14.1,11.3
E12000003,Yorkshire And The Humber,2015,90.7,71.8,55.5,46.3,0.0,13.7,10.3
E12000004,East Midlands,2015,92.2,74.4,53.3,43.8,0.0,14.4,10.4
E12000005,West Midlands,2015,90.9,72.7,55.9,45.2,0.0,14.1,10.3
E12000006,East,2015,91.5,73.5,58.0,48.7,0.0,13.4,10.1
E12000007,London,2015,86.4,68.2,51.8,42.8,0.0,18.6,11.8
E12000008,South East,2015,90.6,73.0,58.4,49.4,0.0,13.2,10.0
E12000009,South West,2015,91.1,73.4,59.4,50.6,0.0,11.8,9.7
E92000001,England,2015,89.7,71.4,55.2,45.9,0.0,14.7,10.6
W92000004,Wales,2015,90.8,71.1,55.9,46.9,0.0,12.1,10.1
S92000003,Scotland,2015,90.1,71.3,55.6,46.1,0.0,12.6,10.6
N92000002,Northern Ireland,2015,88.2,69.8,56.8,49.5,0.0,9.7,7.3
K04000001,England And Wales,2015,89.8,71.4,55.2,45.9,0.0,14.6,10.6
K03000001,Great Britain,2015,89.8,71.4,55.2,45.9,0.0,14.4,10.6
K02000001,United Kingdom,2015,89.7,71.3,55.3,46.0,0.0,14.3,10.6
E09000001,City of London,2016,79.3,50.3,38.7,0.0,0.0,16.1,11.5
E09000002,Barking and Dagenham,2016,94.6,71.0,53.5,0.0,0.0,23.2,12.0
E09000003,Barnet,2016,85.4,66.8,52.7,0.0,0.0,16.1,12.4
E09000004,Bexley,2016,93.0,71.0,55.5,0.0,0.0,16.4,10.2
E09000005,Brent,2016,91.9,69.9,54.1,0.0,0.0,17.8,10.8
E09000006,Bromley,2016,92.8,72.7,56.8,0.0,0.0,14.4,9.8
E09000007,Camden,2016,87.9,69.9,54.0,0.0,0.0,17.6,10.6
E09000008,Croydon,2016,92.3,69.2,53.2,0.0,0.0,17.2,11.6
E09000009,Ealing,2016,93.2,72.1,54.9,0.0,0.0,17.8,10.9
E09000010,Enfield,2016,91.7,69.2,53.8,0.0,0.0,17.5,12.2
E09000011,Greenwich,2016,93.0,69.9,52.6,0.0,0.0,19.8,11.0
E09000012,Hackney,2016,91.0,69.2,53.4,0.0,0.0,21.6,10.8
E09000013,Hammersmith and Fulham,2016,90.0,68.5,51.5,0.0,0.0,16.1,11.8
E09000014,Haringey,2016,92.1,71.0,54.7,0.0,0.0,17.6,10.9
E09000015,Harrow,2016,90.8,69.4,53.9,0.0,0.0,16.6,12.1
E09000016,Havering,2016,93.5,72.9,54.2,0.0,0.0,16.7,11.3
E09000017,Hillingdon,2016,92.8,70.9,53.0,0.0,0.0,16.9,10.6
E09000018,Hounslow,2016,91.6,71.3,56.2,0.0,0.0,17.5,10.4
E09000019,Islington,2016,89.2,68.0,51.2,0.0,0.0,17.7,12.3
E09000020,Kensington and Chelsea,2016,89.4,70.5,55.3,0.0,0.0,15.4,10.3
E09000021,Kingston upon Thames,2016,91.8,73.8,59.6,0.0,0.0,14.6,10.5
E09000022,Lambeth,2016,94.2,67.6,51.0,0.0,0.0,18.4,13.1
E09000023,Lewisham,2016,94.5,69.9,52.7,0.0,0.0,18.6,11.5
E09000024,Merton,2016,93.3,73.1,56.7,0.0,0.0,16.7,11.5
E09000025,Newham,2016,94.9,75.8,59.7,0.0,0.0,29.6,12.2
E09000026,Redbridge,2016,92.2,69.6,53.6,0.0,0.0,19.3,12.7
E09000027,Richmond upon Thames,2016,92.1,74.4,59.4,0.0,0.0,13.7,9.8
E09000028,Southwark,2016,90.6,61.4,45.0,0.0,0.0,19.3,10.9
E09000029,Sutton,2016,94.2,73.6,59.2,0.0,0.0,15.0,9.7
E09000030,Tower Hamlets,2016,89.2,68.8,51.1,0.0,0.0,19.5,13.5
E09000031,Waltham Forest,2016,94.1,71.4,55.2,0.0,0.0,20.0,11.9
E09000032,Wandsworth,2016,92.4,68.7,51.6,0.0,0.0,17.7,12.0
E09000033,Westminster,2016,78.0,62.9,50.9,0.0,0.0,14.3,11.2
E13000001,Inner London,2016,88.0,66.5,51.2,0.0,0.0,17.8,11.5
E13000002,Outer London,2016,91.9,70.8,54.8,0.0,0.0,17.1,11.2
E12000001,North East,2016,92.4,71.0,54.7,0.0,0.0,13.7,10.7
E12000002,North West,2016,91.7,68.3,48.6,0.0,0.0,15.2,10.6
E12000003,Yorkshire And The Humber,2016,91.7,69.0,52.3,0.0,0.0,13.7,10.0
E12000004,East Midlands,2016,92.7,69.2,54.0,0.0,0.0,13.4,9.9
E12000005,West Midlands,2016,92.3,71.8,47.6,0.0,0.0,15.5,9.7
E12000006,East,2016,93.6,60.4,45.8,0.0,0.0,15.8,9.4
E12000007,London,2016,89.8,68.5,52.8,0.0,0.0,17.5,11.4
E12000008,South East,2016,91.6,72.7,57.8,0.0,0.0,12.8,9.8
E12000009,South West,2016,92.1,61.4,49.0,0.0,0.0,13.6,9.3
E92000001,England,2016,91.6,68.0,51.5,0.0,0.0,15.0,10.2
W92000004,Wales,2016,91.8,70.9,54.6,0.0,0.0,12.3,9.7
S92000003,Scotland,2016,91.7,72.6,56.5,0.0,0.0,12.5,10.6
N92000002,Northern Ireland,2016,88.5,70.9,58.5,0.0,0.0,10.2,7.4
K04000001,England And Wales,2016,91.6,68.0,51.6,0.0,0.0,14.9,10.2
K03000001,Great Britain,2016,91.6,68.3,51.9,0.0,0.0,14.7,10.2
K02000001,United Kingdom,2016,91.5,68.3,52.0,0.0,0.0,14.6,10.2
E09000001,City of London,2017,79.7,41.1,0.0,0.0,0.0,17.9,22.4
E09000002,Barking and Dagenham,2017,92.1,71.8,0.0,0.0,0.0,17.5,15.5
E09000003,Barnet,2017,80.3,62.9,0.0,0.0,0.0,14.6,16.0
E09000004,Bexley,2017,91.2,72.1,0.0,0.0,0.0,13.7,13.0
E09000005,Brent,2017,89.5,69.5,0.0,0.0,0.0,15.3,12.9
E09000006,Bromley,2017,93.0,75.0,0.0,0.0,0.0,15.2,11.5
E09000007,Camden,2017,85.1,67.7,0.0,0.0,0.0,15.4,14.6
E09000008,Croydon,2017,89.0,68.8,0.0,0.0,0.0,14.3,13.5
E09000009,Ealing,2017,91.0,72.3,0.0,0.0,0.0,15.1,12.0
E09000010,Enfield,2017,87.4,68.3,0.0,0.0,0.0,14.6,14.7
E09000011,Greenwich,2017,90.5,72.2,0.0,0.0,0.0,15.9,14.2
E09000012,Hackney,2017,88.9,70.0,0.0,0.0,0.0,18.5,13.5
E09000013,Hammersmith and Fulham,2017,87.1,68.7,0.0,0.0,0.0,14.3,13.2
E09000014,Haringey,2017,89.5,69.3,0.0,0.0,0.0,15.2,13.8
E09000015,Harrow,2017,86.2,68.0,0.0,0.0,0.0,14.0,13.4
E09000016,Havering,2017,89.9,70.6,0.0,0.0,0.0,13.6,13.0
E09000017,Hillingdon,2017,89.0,70.5,0.0,0.0,0.0,14.0,12.6
E09000018,Hounslow,2017,89.9,70.3,0.0,0.0,0.0,14.0,13.0
E09000019,Islington,2017,87.6,68.6,0.0,0.0,0.0,16.6,13.3
E09000020,Kensington and Chelsea,2017,86.8,70.3,0.0,0.0,0.0,13.7,11.4
E09000021,Kingston upon Thames,2017,91.8,74.9,0.0,0.0,0.0,13.2,11.6
E09000022,Lambeth,2017,90.9,69.8,0.0,0.0,0.0,15.2,15.9
E09000023,Lewisham,2017,91.6,71.6,0.0,0.0,0.0,15.9,14.6
E09000024,Merton,2017,89.8,72.8,0.0,0.0,0.0,14.6,12.7
E09000025,Newham,2017,93.2,69.8,0.0,0.0,0.0,19.7,14.0
E09000026,Redbridge,2017,88.4,69.6,0.0,0.0,0.0,16.1,15.6
E09000027,Richmond upon Thames,2017,90.2,73.5,0.0,0.0,0.0,12.5,11.1
E09000028,Southwark,2017,87.0,68.9,0.0,0.0,0.0,14.3,14.6
E09000029,Sutton,2017,91.9,74.9,0.0,0.0,0.0,12.3,11.9
E09000030,Tower Hamlets,2017,88.1,69.6,0.0,0.0,0.0,16.4,14.5
E09000031,Waltham Forest,2017,92.6,73.0,0.0,0.0,0.0,16.4,14.5
E09000032,Wandsworth,2017,89.6,71.1,0.0,0.0,0.0,15.1,14.1
E09000033,Westminster,2017,78.4,63.6,0.0,0.0,0.0,13.8,14.1
E13000001,Inner London,2017,85.8,65.2,0.0,0.0,0.0,15.7,14.9
E13000002,Outer London,2017,89.0,70.4,0.0,0.0,0.0,14.6,13.4
E12000001,North East,2017,90.0,71.0,0.0,0.0,0.0,12.6,12.0
E12000002,North West,2017,89.7,63.8,0.0,0.0,0.0,15.9,12.2
E12000003,Yorkshire And The Humber,2017,89.2,71.1,0.0,0.0,0.0,11.4,12.1
E12000004,East Midlands,2017,90.8,70.9,0.0,0.0,0.0,11.9,12.0
E12000005,West Midlands,2017,90.3,61.8,0.0,0.0,0.0,13.4,11.4
E12000006,East,2017,90.0,73.6,0.0,0.0,0.0,12.5,12.8
E12000007,London,2017,87.2,67.5,0.0,0.0,0.0,15.2,14.2
E12000008,South East,2017,90.1,73.3,0.0,0.0,0.0,11.6,10.8
E12000009,South West,2017,87.8,71.8,0.0,0.0,0.0,10.6,12.6
E92000001,England,2017,89.1,68.9,0.0,0.0,0.0,13.2,12.4
W92000004,Wales,2017,90.5,72.4,0.0,0.0,0.0,13.7,10.4
S92000003,Scotland,2017,89.8,71.5,0.0,0.0,0.0,11.9,11.2
N92000002,Northern Ireland,2017,87.7,72.0,0.0,0.0,0.0,11.3,8.2
K04000001,England And Wales,2017,89.1,69.1,0.0,0.0,0.0,13.2,12.4
K03000001,Great Britain,2017,89.2,69.2,0.0,0.0,0.0,13.1,12.3
K02000001,United Kingdom,2017,89.1,69.3,0.0,0.0,0.0,13.1,12.2
E09000001,City of London,2018,75.6,0.0,0.0,0.0,0.0,18.7,18.0
E09000002,Barking and Dagenham,2018,93.1,0.0,0.0,0.0,0.0,18.8,14.3
E09000003,Barnet,2018,84.4,0.0,0.0,0.0,0.0,14.8,14.3
E09000004,Bexley,2018,92.7,0.0,0.0,0.0,0.0,12.9,12.3
E09000005,Brent,2018,89.4,0.0,0.0,0.0,0.0,19.1,11.8
E09000006,Bromley,2018,91.2,0.0,0.0,0.0,0.0,13.4,11.1
E09000007,Camden,2018,84.3,0.0,0.0,0.0,0.0,17.4,12.0
E09000008,Croydon,2018,90.5,0.0,0.0,0.0,0.0,14.4,12.9
E09000009,Ealing,2018,91.9,0.0,0.0,0.0,0.0,14.3,11.9
E09000010,Enfield,2018,88.6,0.0,0.0,0.0,0.0,15.1,13.8
E09000011,Greenwich,2018,91.9,0.0,0.0,0.0,0.0,15.9,12.6
E09000012,Hackney,2018,88.1,0.0,0.0,0.0,0.0,18.6,12.8
E09000013,Hammersmith and Fulham,2018,87.2,0.0,0.0,0.0,0.0,15.0,12.3
E09000014,Haringey,2018,89.6,0.0,0.0,0.0,0.0,16.0,12.5
E09000015,Harrow,2018,87.2,0.0,0.0,0.0,0.0,14.7,12.2
E09000016,Havering,2018,91.0,0.0,0.0,0.0,0.0,13.7,12.4
E09000017,Hillingdon,2018,90.9,0.0,0.0,0.0,0.0,16.1,11.8
E09000018,Hounslow,2018,91.8,0.0,0.0,0.0,0.0,13.9,11.5
E09000019,Islington,2018,87.4,0.0,0.0,0.0,0.0,18.3,12.3
E09000020,Kensington and Chelsea,2018,84.8,0.0,0.0,0.0,0.0,14.0,10.7
E09000021,Kingston upon Thames,2018,92.3,0.0,0.0,0.0,0.0,16.7,10.4
E09000022,Lambeth,2018,90.5,0.0,0.0,0.0,0.0,14.7,12.9
E09000023,Lewisham,2018,93.1,0.0,0.0,0.0,0.0,15.8,12.6
E09000024,Merton,2018,91.0,0.0,0.0,0.0,0.0,13.4,12.0
E09000025,Newham,2018,91.7,0.0,0.0,0.0,0.0,19.5,14.3
E09000026,Redbridge,2018,89.1,0.0,0.0,0.0,0.0,16.4,14.2
E09000027,Richmond upon Thames,2018,92.0,0.0,0.0,0.0,0.0,12.0,10.3
E09000028,Southwark,2018,87.1,0.0,0.0,0.0,0.0,14.3,12.6
E09000029,Sutton,2018,92.6,0.0,0.0,0.0,0.0,12.5,10.9
E09000030,Tower Hamlets,2018,86.5,0.0,0.0,0.0,0.0,16.7,14.3
E09000031,Waltham Forest,2018,91.3,0.0,0.0,0.0,0.0,20.2,12.6
E09000032,Wandsworth,2018,92.0,0.0,0.0,0.0,0.0,14.8,12.6
E09000033,Westminster,2018,76.2,0.0,0.0,0.0,0.0,15.5,12.1
E13000001,Inner London,2018,84.7,0.0,0.0,0.0,0.0,16.5,13.0
E13000002,Outer London,2018,90.1,0.0,0.0,0.0,0.0,15.1,12.4
E12000001,North East,2018,91.2,0.0,0.0,0.0,0.0,12.5,11.0
E12000002,North West,2018,88.5,0.0,0.0,0.0,0.0,14.3,13.5
E12000003,Yorkshire And The Humber,2018,90.4,0.0,0.0,0.0,0.0,11.8,10.9
E12000004,East Midlands,2018,91.1,0.0,0.0,0.0,0.0,12.1,10.9
E12000005,West Midlands,2018,90.2,0.0,0.0,0.0,0.0,13.3,13.1
E12000006,East,2018,90.4,0.0,0.0,0.0,0.0,12.3,10.6
E12000007,London,2018,87.1,0.0,0.0,0.0,0.0,15.9,12.7
E12000008,South East,2018,90.3,0.0,0.0,0.0,0.0,11.7,10.0
E12000009,South West,2018,90.0,0.0,0.0,0.0,0.0,10.4,9.5
E92000001,England,2018,89.3,0.0,0.0,0.0,0.0,13.1,11.5
W92000004,Wales,2018,89.3,0.0,0.0,0.0,0.0,13.3,10.4
S92000003,Scotland,2018,90.9,0.0,0.0,0.0,0.0,11.1,11.8
N92000002,Northern Ireland,2018,87.3,0.0,0.0,0.0,0.0,9.6,7.9
K04000001,England And Wales,2018,89.3,0.0,0.0,0.0,0.0,13.2,11.5
K03000001,Great Britain,2018,89.4,0.0,0.0,0.0,0.0,13.0,11.5
K02000001,United Kingdom,2018,89.3,0.0,0.0,0.0,0.0,12.9,11.4
